DBN,PEER INDEX*,2009-2010 OVERALL GRADE,2009-2010 ENVIRONMENT GRADE,2009-2010 PERFORMANCE GRADE,2009-2010 PROGRESS GRADE
01M015,62.65,C1,B2,D3,B4
01M019,48.94,C1,B2,D3,B4
01M020,57.68,A1,A2,C3,A4
01M034,66.75,B1,B2,C3,B4
01M063,57.55,B1,B2,C3,A4
01M064,61.5,C1,A2,D3,D4
01M110,42.47,D1,C2,C3,D4
01M134,53.05,B1,C2,D3,A4
01M137,58.66,C1,B2,D3,F4
01M140,61.9,B1,A2,C3,B4
01M142,61.02,B1,A2,C3,B4
01M184,27.58,A1,A2,A3,A4
01M188,64.94,C1,B2,D3,F4
01M292,2.16,D1,F2,C3,F4
01M292,2.31,C1,D2,D3,C4
01M301,2.31,C1,B2,C3,C4
01M315,32.44,C1,C2,D3,D4
01M332,2.12,B1,B2,C3,B4
01M345,2.72,B1,B2,C3,B4
01M361,35.38,C1,B2,F3,B4
01M363,33.79,C1,B2,D3,C4
01M364,31.8,D1,B2,F3,D4
01M378,2.49,B1,A2,B3,B4
01M448,2.24,C1,F2,D3,C4
01M450,2.42,A1,A2,A3,B4
01M450,2.21,A1,A2,B3,A4
01M509,2.01,B1,C2,C3,B4
01M515,2.75,A1,B2,A3,A4
01M539,3.55,B1,C2,A3,B4
01M539,12.97,A1,B2,A3,A4
01M650,2.59,A1,A2,A3,A4
01M696,3.81,B1,A2,B3,C4
01M839,2.8,A1,A2,A3,A4
02M001,39.34,B1,C2,C3,C4
02M002,40.23,A1,B2,B3,A4
02M003,17.09,B1,B2,C3,B4
02M006,12.51,B1,C2,B3,B4
02M011,40.45,A1,A2,A3,A4
02M033,50.44,A1,A2,A3,B4
02M040,15.55,A1,A2,B3,A4
02M041,11.69,B1,A2,B3,B4
02M042,36.63,A1,A2,A3,A4
02M047,1.67,A1,A2,B3,A4
02M051,49.51,B1,A2,B3,B4
02M059,19.37,B1,A2,C3,C4
02M077,9.83,A1,B2,A3,A4
02M089,11.57,B1,B2,C3,B4
02M104,3.13,B1,B2,B3,B4
02M111,52.01,B1,C2,D3,A4
02M114,3.62,A1,A2,A3,A4
02M116,20.28,B1,B2,B3,C4
02M124,26.08,A1,B2,A3,A4
02M126,40.66,A1,B2,A3,A4
02M130,27.53,A1,A2,A3,A4
02M131,2.89,B1,B2,C3,A4
02M150,14.53,B1,A2,C3,B4
02M158,18.68,A1,D2,A3,A4
02M167,3.11,B1,B2,B3,B4
02M183,14.61,B1,B2,C3,B4
02M198,50.02,B1,C2,C3,B4
02M212,23.15,A1,A2,B3,B4
02M217,35.99,B1,B2,C3,B4
02M225,41.34,B1,B2,D3,A4
02M234,9.11,B1,A2,B3,B4
02M255,3.58,B1,A2,B3,C4
02M260,2.96,A1,A2,A3,A4
02M288,2.44,A1,B2,A3,A4
02M289,3.37,B1,A2,B3,B4
02M290,13.17,A1,A2,B3,A4
02M294,2.28,A1,A2,A3,A4
02M296,2.28,A1,B2,A3,A4
02M298,2.82,A1,B2,A3,A4
02M300,2.5,B1,A2,B3,B4
02M303,2.16,B1,A2,B3,C4
02M305,2.52,B1,C2,B3,C4
02M308,2.22,A1,A2,A3,A4
02M312,3.64,A1,A2,A3,A4
02M313,2.36,D1,A2,F3,D4
02M316,2.34,B1,B2,B3,B4
02M347,64.27,B1,A2,D3,B4
02M374,2.58,B1,D2,B3,B4
02M400,2.78,B1,C2,B3,C4
02M407,2.68,B1,A2,F3,B4
02M407,3.52,C1,A2,F3,F4
02M408,3.25,A1,B2,A3,A4
02M408,3.64,A1,B2,A3,A4
02M411,3.45,A1,B2,A3,A4
02M412,3.22,A1,B2,A3,B4
02M413,2.85,A1,B2,A3,B4
02M413,3.2,B1,B2,B3,C4
02M414,2.97,A1,D2,A3,A4
02M416,3.6,A1,A2,A3,A4
02M418,3.34,A1,A2,A3,A4
02M419,2.24,C1,C2,C3,D4
02M420,2.93,C1,C2,B3,D4
02M425,2.38,B1,C2,C3,C4
02M429,1.94,C1,C2,F3,B4
02M439,3,A1,A2,A3,A4
02M442,31.38,C1,A2,B3,F4
02M449,2.29,C1,A2,D3,C4
02M459,2.52,A1,A2,B3,A4
02M460,2.18,C1,C2,F3,C4
02M473,,B1,B2,C3,B4
02M475,4.03,A1,B2,A3,B4
02M489,2.79,C1,D2,B3,C4
02M500,1.95,A1,A2,A3,A4
02M519,3.18,A1,D2,A3,A4
02M520,2.47,D1,F2,C3,F4
02M529,2.48,B1,D2,A3,C4
02M531,2.82,A1,B2,B3,A4
02M542,2.32,A1,A2,A3,A4
02M543,2.38,A1,C2,B3,B4
02M544,2.31,C1,A2,F3,C4
02M545,3.14,A1,B2,A3,A4
02M550,2.29,A1,C2,B3,A4
02M551,2.2,A1,B2,A3,A4
02M560,2.56,B1,C2,B3,C4
02M565,2.99,A1,A2,A3,B4
02M570,2.36,F1,F2,D3,F4
02M575,2.44,A1,A2,B3,B4
02M580,2.43,C1,B2,C3,D4
02M586,2,A1,D2,B3,A4
02M600,2.74,A1,C2,A3,A4
02M605,2.73,B1,D2,B3,B4
02M615,2.4,C1,D2,F3,B4
02M620,2.2,F1,F2,F3,F4
02M625,2.24,D1,D2,F3,C4
02M630,2.83,B1,F2,C3,B4
02M655,2.26,A1,D2,A3,B4
02M655,2.59,C1,D2,D3,C4
02M896,2.41,C1,B2,B3,D4
03M009,20.05,B1,A2,A3,B4
03M054,3.45,B1,B2,B3,B4
03M075,47.63,C1,C2,D3,B4
03M076,58.84,C1,D2,F3,C4
03M084,43.87,C1,D2,F3,C4
03M087,18.92,B1,C2,C3,B4
03M145,59.05,B1,D2,D3,A4
03M149,59.72,B1,B2,D3,B4
03M163,41.28,C1,B2,C3,C4
03M165,57.47,B1,B2,D3,B4
03M166,25.24,D1,B2,D3,F4
03M180,55.03,C1,A2,C3,D4
03M185,59.62,C1,A2,F3,F4
03M191,53.96,C1,C2,F3,C4
03M199,12.19,A1,B2,B3,A4
03M208,61.71,C1,A2,D3,C4
03M241,62.42,C1,B2,F3,B4
03M242,57.47,C1,C2,F3,C4
03M243,3.64,B1,A2,B3,C4
03M245,3.24,B1,A2,C3,C4
03M247,2.4,A1,A2,B3,A4
03M250,2.38,A1,A2,B3,A4
03M256,2.03,C1,B2,D3,C4
03M258,2.43,A1,A2,B3,A4
03M283,2.21,C1,D2,F3,C4
03M299,2.15,B1,C2,A3,C4
03M307,2.19,A1,B2,B3,A4
03M333,24.69,C1,B2,F3,D4
03M334,6.5,A1,A2,A3,A4
03M415,2.08,B1,F2,A3,C4
03M415,2.41,C1,F2,C3,B4
03M479,3.51,A1,B2,C3,A4
03M485,3.64,A1,C2,A3,A4
03M492,2.33,A1,C2,B3,A4
03M494,2.34,B1,D2,B3,B4
03M505,1.94,B1,C2,C3,C4
03M541,3.26,B1,A2,A3,C4
03M577,,C1,F2,B3,C4
03M859,8,A1,B2,A3,A4
03M860,2.28,C1,C2,A3,D4
03M860,2.35,C1,D2,D3,F4
03M862,3.07,A1,A2,B3,A4
04M007,58.46,A1,B2,C3,A4
04M012,39.33,A1,A2,A3,B4
04M013,2.13,C1,D2,D3,D4
04M037,61.02,B1,A2,C3,A4
04M038,63.08,C1,C2,D3,C4
04M045,2.19,C1,B2,F3,C4
04M050,63.78,C1,C2,D3,D4
04M057,62.56,A1,A2,A3,A4
04M072,65.94,A1,A2,C3,B4
04M083,59.17,A1,A2,A3,A4
04M096,63.09,C1,D2,D3,C4
04M102,74.03,A1,A2,B3,A4
04M108,61.42,B1,A2,B3,C4
04M112,64.23,B1,A2,B3,A4
04M146,73.23,C1,C2,F3,D4
04M155,69.02,B1,A2,D3,B4
04M171,57.4,A1,A2,A3,A4
04M182,63.96,A1,A2,A3,A4
04M206,64.11,C1,B2,C3,C4
04M224,3.43,C1,B2,C3,C4
04M372,1.99,A1,A2,D3,A4
04M375,67.68,B1,B2,F3,A4
04M377,2.11,A1,B2,C3,A4
04M381,2.08,C1,B2,F3,B4
04M409,2.2,C1,B2,D3,C4
04M435,3.1,B1,D2,B3,B4
04M495,2.09,A1,A2,A3,A4
04M497,37.83,C1,A2,F3,F4
04M555,2.53,A1,A2,D3,A4
04M610,3.05,A1,A2,A3,B4
04M610,3.37,C1,A2,D3,F4
04M635,2.06,F1,D2,F3,F4
04M680,2.13,C1,F2,B3,C4
04M825,2.84,C1,B2,D3,F4
04M964,49.09,B1,A2,D3,B4
05M030,66.85,A1,A2,C3,A4
05M036,57.64,B1,B2,D3,B4
05M046,62.45,C1,B2,C3,C4
05M092,62.65,B1,A2,D3,C4
05M123,60.69,C1,B2,D3,D4
05M125,60.88,B1,C2,F3,B4
05M129,59.58,B1,B2,D3,B4
05M133,62.49,C1,D2,F3,B4
05M154,65,C1,B2,D3,C4
05M161,66.35,B1,A2,C3,B4
05M175,59.22,B1,B2,C3,A4
05M194,65.87,C1,D2,F3,B4
05M195,2.35,D1,D2,D3,D4
05M197,58.68,B1,A2,C3,B4
05M200,59.82,B1,D2,D3,B4
05M285,2.15,C1,C2,F3,C4
05M286,2.53,C1,A2,D3,D4
05M302,2.76,B1,A2,C3,B4
05M304,2.53,B1,B2,A3,B4
05M317,2.14,D1,D2,D3,D4
05M318,47.59,C1,A2,D3,C4
05M344,2.25,F1,D2,F3,F4
05M362,3.84,C1,C2,B3,F4
05M367,2.46,B1,B2,D3,B4
05M369,2.46,A1,F2,B3,A4
05M469,2.43,B1,C2,C3,A4
05M469,2.4,C1,C2,D3,C4
05M499,3.14,D1,F2,D3,F4
05M499,3.02,C1,F2,C3,B4
05M670,2.66,B1,B2,C3,B4
05M670,2.9,D1,A2,D3,F4
05M685,2.03,D1,D2,D3,D4
05M692,3.76,A1,B2,A3,A4
06M004,65.56,B1,B2,D3,B4
06M005,66.31,B1,B2,C3,A4
06M008,68.56,A1,A2,D3,A4
06M018,63.4,B1,A2,C3,B4
06M028,64.93,A1,A2,C3,A4
06M048,67.12,B1,A2,C3,B4
06M052,2.59,A1,A2,C3,A4
06M098,68.39,B1,C2,D3,B4
06M115,67.01,C1,B2,D3,F4
06M128,66,B1,A2,D3,B4
06M132,68.59,B1,B2,D3,B4
06M143,2.34,B1,B2,D3,B4
06M152,64.22,B1,D2,C3,B4
06M153,63.46,A1,A2,B3,A4
06M173,58.51,B1,D2,C3,A4
06M178,51.95,B1,A2,B3,B4
06M187,42.09,A1,A2,C3,A4
06M189,66.66,A1,A2,C3,A4
06M192,65.84,C1,B2,D3,B4
06M210,66.04,B1,A2,C3,C4
06M218,2.38,B1,C2,D3,A4
06M223,3.68,A1,B2,A3,A4
06M278,55.54,B1,A2,C3,B4
06M293,2.68,A1,A2,B3,A4
06M311,51.76,A1,A2,B3,A4
06M314,43.41,B1,F2,F3,A4
06M319,2.49,A1,A2,C3,A4
06M322,2.58,B1,B2,C3,B4
06M324,2.46,A1,A2,C3,A4
06M325,66.89,C1,B2,D3,F4
06M326,2.24,A1,A2,C3,A4
06M328,2.25,B1,B2,D3,B4
06M346,2.36,C1,C2,D3,C4
06M348,2.47,B1,A2,C3,B4
06M349,2.09,A1,A2,D3,A4
06M366,45.09,B1,B2,C3,B4
06M368,50.14,C1,B2,F3,C4
06M457,,A1,A2,A3,A4
06M462,2.17,A1,A2,A3,A4
06M463,2.26,B1,C2,B3,B4
06M467,2.22,A1,A2,A3,A4
06M468,2.28,B1,B2,B3,B4
06M528,2.75,C1,B2,D3,D4
06M540,2.89,C1,D2,D3,C4
06M552,2.29,A1,A2,A3,C4
07X001,56.82,C1,B2,F3,D4
07X005,67.46,C1,A2,C3,C4
07X018,63.58,C1,F2,D3,C4
07X025,69.42,A1,A2,B3,A4
07X029,61.97,C1,C2,D3,B4
07X030,67.16,A1,A2,D3,A4
07X031,64.59,C1,B2,D3,C4
07X043,64.3,A1,A2,C3,A4
07X049,67.56,C1,B2,C3,C4
07X065,67.83,C1,F2,D3,B4
07X151,2.17,A1,B2,D3,A4
07X154,68,C1,C2,D3,C4
07X157,61.88,B1,C2,C3,A4
07X161,68.55,C1,B2,D3,B4
07X162,2.38,B1,D2,D3,B4
07X179,66.03,C1,A2,D3,D4
07X203,2.09,C1,B2,F3,C4
07X221,2.44,A1,B2,A3,A4
07X221,2.46,C1,C2,D3,D4
07X223,2.81,A1,A2,B3,A4
07X224,2.26,B1,B2,D3,A4
07X277,64.94,C1,B2,F3,D4
07X296,1.91,A1,A2,D3,A4
07X298,2.03,A1,B2,D3,A4
07X321,2.2,D1,C2,F3,D4
07X334,1.66,B1,A2,D3,B4
07X343,2.37,A1,A2,C3,A4
07X369,65.47,D1,D2,F3,C4
07X379,2.23,B1,C2,A3,B4
07X381,2.16,B1,A2,C3,C4
07X385,65.96,C1,F2,F3,B4
07X427,2.12,A1,A2,B3,A4
07X473,2.11,B1,A2,B3,B4
07X495,2.74,A1,B2,B3,A4
07X500,2.86,B1,C2,A3,C4
07X500,2.6,A1,B2,B3,A4
07X520,2.08,C1,B2,B3,D4
07X527,2.14,B1,B2,B3,B4
07X547,2.05,D1,A2,F3,D4
07X548,2.56,A1,A2,A3,A4
07X551,2.34,A1,A2,A3,A4
07X551,2.33,B1,A2,C3,B4
07X600,1.95,C1,B2,F3,C4
07X655,1.7,C1,F2,C3,C4
07X670,2.4,B1,C2,C3,B4
08X014,40.81,C1,D2,D3,D4
08X036,54.16,B1,A2,B3,B4
08X048,64.74,B1,B2,C3,A4
08X062,63.59,B1,B2,D3,B4
08X069,60.57,A1,B2,B3,A4
08X071,39.68,C1,D2,C3,B4
08X072,54.75,C1,C2,D3,D4
08X075,64.36,B1,B2,C3,A4
08X093,61.95,B1,B2,C3,A4
08X100,59.77,C1,B2,C3,C4
08X101,3.58,C1,B2,C3,C4
08X107,62.16,D1,C2,F3,F4
08X119,48.51,C1,D2,D3,B4
08X123,2.42,A1,B2,C3,A4
08X125,2.61,B1,C2,C3,B4
08X130,65.21,C1,B2,D3,C4
08X131,2.65,C1,C2,D3,B4
08X138,58.56,C1,B2,D3,F4
08X140,64.32,C1,C2,D3,F4
08X146,64.01,C1,D2,D3,D4
08X152,62.76,A1,B2,C3,A4
08X182,54.72,B1,B2,C3,B4
08X269,2.39,C1,C2,C3,D4
08X282,2.66,C1,F2,B3,C4
08X293,2.23,A1,A2,A3,B4
08X295,1.85,B1,B2,C3,B4
08X301,2.25,C1,B2,D3,B4
08X302,2.23,A1,A2,C3,A4
08X304,38.77,B1,A2,B3,B4
08X305,1.94,B1,B2,B3,B4
08X312,2.12,A1,A2,C3,A4
08X332,2.13,C1,B2,D3,C4
08X333,62.37,C1,B2,D3,C4
08X335,67.6,B1,A2,C3,B4
08X337,2.33,A1,B2,B3,A4
08X366,2.45,C1,D2,F3,F4
08X367,2.52,C1,B2,D3,C4
08X371,2.67,B1,B2,B3,B4
08X375,2.59,C1,F2,D3,C4
08X376,2.66,C1,C2,C3,B4
08X377,2.13,C1,C2,C3,C4
08X405,2.22,F1,F2,D3,F4
08X408,,A1,A2,A3,B4
08X424,2.25,B1,B2,C3,B4
08X452,2.06,C1,A2,C3,D4
08X507,,F1,B2,F3,D4
08X519,2.04,C1,C2,D3,C4
08X530,2.06,D1,A2,F3,D4
08X540,1.68,D1,C2,D3,D4
08X560,2.23,F1,F2,C3,F4
08X650,1.91,C1,C2,D3,C4
09X004,65.29,B1,A2,C3,B4
09X011,63.53,B1,F2,D3,A4
09X022,2.58,C1,B2,F3,B4
09X028,65.27,B1,B2,C3,B4
09X035,57.96,C1,B2,C3,C4
09X042,65.59,A1,B2,C3,A4
09X053,62.75,C1,B2,C3,F4
09X055,65.67,C1,C2,D3,C4
09X058,66.34,C1,D2,D3,B4
09X063,66.22,B1,B2,B3,C4
09X064,69.62,C1,B2,D3,B4
09X070,63.35,C1,C2,F3,C4
09X073,64.56,B1,B2,F3,B4
09X088,64,B1,A2,B3,A4
09X109,66.75,A1,A2,B3,A4
09X110,69.02,B1,A2,C3,B4
09X114,64.61,B1,B2,D3,B4
09X117,2.38,B1,C2,C3,A4
09X126,66.19,B1,C2,D3,B4
09X128,3.06,A1,B2,C3,A4
09X132,67.4,B1,B2,F3,B4
09X145,2.33,B1,A2,D3,B4
09X163,67.75,C1,D2,C3,C4
09X170,60.65,B1,A2,B3,B4
09X199,67.18,A1,B2,B3,B4
09X204,63.21,A1,A2,A3,A4
09X215,3.07,B1,B2,C3,B4
09X218,61.01,A1,A2,B3,A4
09X219,2.27,B1,C2,D3,B4
09X227,1.93,C1,D2,C3,B4
09X229,2.29,B1,C2,C3,A4
09X230,66.77,C1,C2,D3,C4
09X231,2.29,B1,C2,C3,B4
09X232,2.35,A1,B2,D3,A4
09X236,67.48,B1,A2,C3,B4
09X239,1.67,F1,C2,F3,F4
09X241,2.7,B1,B2,C3,B4
09X250,2.44,B1,F2,A3,B4
09X252,2.58,A1,C2,A3,A4
09X260,2.95,B1,B2,A3,B4
09X263,2.2,A1,A2,A3,B4
09X276,2.07,D1,C2,D3,D4
09X297,1.83,A1,B2,A3,B4
09X303,2.84,C1,B2,F3,B4
09X313,2.48,B1,B2,D3,B4
09X323,2.51,A1,D2,C3,A4
09X324,2.6,B1,B2,C3,B4
09X325,2.46,B1,C2,D3,B4
09X327,2.75,A1,A2,B3,A4
09X328,2.24,C1,C2,D3,B4
09X329,2.14,D1,C2,F3,C4
09X339,2.26,B1,C2,D3,B4
09X403,1.97,A1,A2,B3,B4
09X404,1.88,B1,B2,B3,A4
09X412,1.96,C1,B2,C3,B4
09X413,2.78,B1,B2,A3,B4
09X413,2.89,B1,B2,C3,B4
09X414,1.75,C1,A2,C3,C4
09X505,2.48,B1,B2,B3,B4
09X505,2.93,C1,B2,C3,B4
09X517,2.34,B1,B2,A3,C4
09X517,2.84,C1,C2,F3,C4
09X525,2.12,B1,B2,B3,B4
09X543,1.95,A1,A2,A3,A4
10X003,58.49,A1,C2,C3,A4
10X007,59.01,C1,B2,D3,C4
10X008,56.87,B1,C2,C3,A4
10X009,64.94,C1,D2,D3,D4
10X015,61.25,A1,A2,B3,A4
10X020,58.31,B1,B2,C3,B4
10X023,66.79,C1,A2,F3,B4
10X024,24.8,C1,F2,C3,B4
10X032,65.49,A1,A2,A3,A4
10X033,64.3,A1,B2,C3,A4
10X037,61.15,B1,C2,C3,B4
10X045,2.75,C1,C2,C3,C4
10X046,64.09,C1,B2,D3,B4
10X051,56.22,B1,A2,C3,B4
10X054,62.28,C1,D2,D3,C4
10X056,49.16,A1,A2,C3,A4
10X059,67.44,B1,B2,D3,B4
10X080,2.29,B1,C2,D3,B4
10X081,32.96,C1,B2,C3,D4
10X085,65.26,C1,C2,D3,B4
10X086,63.21,A1,A2,C3,A4
10X091,62.58,B1,C2,C3,A4
10X094,57.26,C1,D2,D3,B4
10X095,54.34,B1,D2,C3,B4
10X118,3.02,C1,D2,D3,B4
10X141,2.55,A1,B2,A3,B4
10X141,2.99,D1,C2,C3,D4
10X159,68.43,B1,A2,B3,B4
10X205,61.56,A1,A2,B3,B4
10X206,2.56,B1,B2,C3,B4
10X207,59.18,C1,A2,F3,B4
10X209,64.2,A1,A2,B3,B4
10X213,2.26,A1,B2,A3,C4
10X225,2.58,A1,A2,A3,A4
10X225,2.85,B1,A2,C3,C4
10X226,67.51,D1,B2,C3,F4
10X228,2.6,A1,A2,B3,A4
10X237,2.39,A1,C2,A3,A4
10X243,2.06,C1,B2,F3,C4
10X243,2.64,C1,A2,C3,D4
10X244,2.39,B1,B2,C3,A4
10X246,65.76,C1,B2,D3,B4
10X254,2.3,A1,C2,C3,A4
10X268,1.85,B1,A2,B3,B4
10X279,64.83,B1,B2,D3,B4
10X280,55.32,A1,A2,B3,A4
10X284,2.43,B1,C2,B3,C4
10X291,67.09,B1,A2,B3,B4
10X306,61.16,C1,B2,F3,F4
10X307,61.01,A1,A2,A3,A4
10X308,2.49,B1,C2,C3,B4
10X310,63.65,A1,B2,C3,A4
10X315,61.64,A1,A2,B3,A4
10X319,2.18,B1,A2,B3,B4
10X331,2.2,B1,A2,D3,B4
10X340,61.26,B1,A2,C3,B4
10X342,2.34,B1,A2,F3,B4
10X342,2.22,B1,A2,F3,B4
10X360,59.74,B1,B2,D3,B4
10X368,2.69,B1,B2,F3,B4
10X368,2.68,B1,A2,C3,B4
10X382,60.09,C1,B2,D3,B4
10X386,63.2,F1,B2,F3,F4
10X390,2.5,C1,B2,D3,C4
10X391,2.28,B1,B2,D3,B4
10X396,64.07,B1,A2,B3,B4
10X433,2.04,A1,B2,B3,A4
10X434,2.03,A1,C2,B3,A4
10X437,2.09,A1,A2,A3,A4
10X438,2.13,C1,D2,F3,C4
10X439,1.96,D1,B2,F3,F4
10X440,2.4,C1,C2,D3,D4
10X442,2.75,B1,C2,C3,B4
10X445,3.91,A1,C2,A3,B4
10X475,1.86,D1,C2,F3,D4
10X477,2.69,A1,A2,A3,A4
10X503,,B1,B2,C3,B4
10X504,,B1,B2,B3,D4
10X546,2.38,C1,A2,C3,F4
10X549,1.94,A1,A2,A3,A4
10X660,1.92,D1,C2,F3,C4
10X667,,D1,B2,F3,D4
10X696,3.79,A1,A2,A3,B4
11X016,55.24,C1,C2,D3,F4
11X019,23.81,C1,B2,D3,C4
11X021,58.16,C1,C2,D3,B4
11X041,60.95,A1,A2,B3,A4
11X068,61.07,B1,A2,C3,C4
11X076,53.9,A1,B2,C3,A4
11X078,57.29,C1,C2,F3,B4
11X083,43.21,C1,A2,C3,C4
11X087,54.41,C1,B2,D3,D4
11X089,53.36,C1,F2,D3,B4
11X096,51.26,B1,B2,B3,B4
11X097,47.6,B1,C2,D3,A4
11X103,58.18,B1,B2,D3,B4
11X105,53.81,B1,B2,C3,B4
11X106,47.67,B1,A2,C3,B4
11X108,34.85,C1,C2,D3,C4
11X111,59.77,C1,B2,F3,C4
11X112,60.95,A1,D2,C3,A4
11X121,50.34,B1,A2,C3,B4
11X127,2.74,B1,B2,D3,B4
11X142,2.54,C1,D2,D3,C4
11X144,2.59,C1,B2,D3,B4
11X153,47.99,B1,A2,C3,B4
11X160,52.11,C1,B2,D3,B4
11X175,21.08,C1,B2,C3,C4
11X178,52.06,C1,C2,D3,B4
11X180,2.72,B1,B2,C3,B4
11X181,2.76,B1,B2,B3,A4
11X189,58.85,F1,D2,F3,F4
11X194,51.42,B1,B2,C3,B4
11X249,2.58,A1,A2,A3,A4
11X253,2.26,C1,C2,C3,C4
11X265,2.49,B1,C2,A3,B4
11X270,2.33,C1,C2,B3,C4
11X270,2.73,C1,C2,F3,F4
11X272,2.66,D1,D2,F3,F4
11X275,2.35,A1,C2,A3,A4
11X287,2.45,B1,B2,D3,B4
11X288,2.81,A1,A2,B3,B4
11X289,2.62,C1,D2,D3,C4
11X290,2.11,A1,A2,B3,A4
11X299,2.17,B1,A2,A3,B4
11X322,2.8,C1,D2,D3,C4
11X326,2.64,C1,D2,D3,C4
11X370,2.55,C1,F2,D3,F4
11X415,1.62,D1,B2,F3,F4
11X417,,B1,A2,B3,B4
11X418,2.31,B1,B2,B3,C4
11X455,1.71,B1,B2,A3,B4
11X456,,A1,B2,A3,A4
11X513,2.19,A1,A2,A3,A4
11X514,1.93,B1,A2,A3,C4
11X541,2,C1,B2,D3,C4
11X542,2.63,A1,B2,A3,B4
11X544,1.99,A1,A2,A3,A4
11X545,2.03,A1,C2,A3,A4
12X006,64.66,C1,F2,D3,C4
12X044,66.75,B1,B2,D3,A4
12X047,58.29,C1,A2,D3,F4
12X050,69.29,D1,F2,D3,C4
12X057,62.22,B1,A2,C3,B4
12X061,59.55,C1,A2,D3,D4
12X066,65.24,B1,A2,C3,B4
12X067,64.5,C1,D2,C3,C4
12X092,64.82,B1,F2,D3,A4
12X098,2.43,A1,B2,C3,A4
12X102,62.32,C1,F2,F3,B4
12X129,2.49,B1,B2,C3,B4
12X134,64.59,B1,C2,D3,B4
12X150,66.54,A1,A2,B3,A4
12X190,2.5,B1,B2,D3,B4
12X195,62.42,C1,B2,D3,C4
12X196,62.71,B1,A2,B3,C4
12X211,69.99,A1,B2,D3,A4
12X212,65.18,C1,B2,D3,C4
12X214,60.02,B1,A2,C3,A4
12X217,2.3,A1,C2,C3,A4
12X242,2.68,A1,A2,B3,A4
12X245,1.97,F1,D2,F3,F4
12X245,2.31,C1,D2,F3,B4
12X248,1.97,A1,A2,A3,A4
12X251,2.06,A1,B2,B3,A4
12X262,1.89,F1,F2,F3,F4
12X267,2.25,A1,B2,B3,A4
12X271,1.95,B1,B2,A3,C4
12X271,2.36,B1,B2,C3,B4
12X273,2.56,B1,B2,C3,B4
12X278,2.17,C1,B2,C3,C4
12X286,2.48,A1,C2,C3,A4
12X300,62.22,C1,B2,F3,B4
12X316,2.64,A1,A2,B3,A4
12X318,2.39,C1,C2,D3,C4
12X341,2.32,A1,B2,C3,A4
12X372,2.79,C1,C2,F3,F4
12X383,2.41,B1,B2,C3,B4
12X384,2.31,A1,A2,D3,A4
12X428,,C1,A2,F3,C4
12X480,2.13,B1,A2,C3,C4
12X550,2.09,A1,A2,A3,B4
12X682,1.75,A1,A2,A3,C4
12X684,1.98,B1,B2,B3,B4
12X690,1.91,C1,D2,D3,C4
12X691,57.38,C1,B2,D3,C4
12X692,1.84,A1,C2,C3,A4
13K003,50.94,C1,B2,D3,C4
13K008,21.54,C1,B2,D3,F4
13K009,52.52,C1,B2,C3,D4
13K011,46.54,B1,B2,C3,B4
13K020,47.83,C1,B2,F3,D4
13K044,56.98,B1,B2,C3,B4
13K046,63.37,A1,B2,D3,A4
13K054,64.12,C1,C2,D3,C4
13K056,60.17,B1,A2,C3,A4
13K067,61.95,C1,B2,D3,B4
13K093,54.81,C1,C2,D3,C4
13K103,2.84,C1,B2,D3,C4
13K113,2.8,C1,C2,C3,C4
13K133,59.36,C1,B2,C3,C4
13K256,56.33,C1,D2,C3,C4
13K265,2.57,A1,D2,A3,A4
13K265,2.3,C1,C2,D3,D4
13K266,3.02,C1,C2,F3,F4
13K270,61.47,A1,B2,A3,A4
13K282,45.55,B1,B2,C3,B4
13K287,62.14,B1,B2,F3,A4
13K301,2.63,D1,C2,D3,D4
13K305,55.12,C1,C2,D3,B4
13K307,64.04,C1,B2,F3,C4
13K313,2.38,B1,C2,C3,A4
13K336,2.41,D1,F2,D3,D4
13K350,2.25,B1,B2,A3,B4
13K412,2.36,C1,B2,C3,C4
13K419,2.48,A1,C2,B3,A4
13K430,3.81,B1,D2,A3,B4
13K439,2.39,A1,A2,A3,A4
13K483,2.76,A1,B2,A3,B4
13K492,2.95,B1,B2,C3,C4
13K499,2.2,A1,F2,B3,A4
13K509,2.17,B1,C2,A3,C4
13K527,3.16,D1,B2,F3,F4
13K553,2.13,A1,A2,A3,A4
13K571,2.2,D1,F2,F3,F4
13K575,2.47,B1,A2,C3,B4
13K592,2.72,C1,B2,F3,F4
13K595,3.07,A1,B2,A3,A4
13K596,2.61,D1,D2,F3,C4
13K605,2.25,D1,C2,D3,D4
13K616,2.27,C1,C2,B3,C4
13K670,3.28,B1,D2,A3,B4
14K016,60.54,C1,B2,D3,F4
14K017,60.97,A1,B2,C3,A4
14K018,59.36,B1,A2,C3,B4
14K019,60.27,D1,A2,F3,D4
14K023,64.18,A1,A2,D3,A4
14K031,40.14,A1,A2,A3,A4
14K034,30.81,B1,A2,B3,B4
14K050,2.32,B1,C2,D3,B4
14K059,61.93,C1,C2,F3,F4
14K071,1.89,C1,B2,B3,C4
14K071,2.26,B1,B2,D3,B4
14K084,61.4,C1,A2,F3,D4
14K110,35.1,C1,A2,C3,F4
14K120,64.19,C1,A2,D3,C4
14K126,2.3,B1,C2,D3,B4
14K132,44.67,B1,A2,C3,B4
14K147,64.17,A1,A2,C3,A4
14K157,65.03,B1,A2,C3,B4
14K196,61.46,A1,A2,B3,B4
14K250,50.61,B1,A2,C3,B4
14K257,64.51,A1,A2,B3,A4
14K297,62.82,C1,B2,F3,B4
14K318,3.27,C1,A2,D3,D4
14K322,2.06,B1,D2,A3,B4
14K330,2.38,C1,B2,D3,B4
14K380,59.38,A1,A2,A3,A4
14K404,2.51,A1,B2,A3,B4
14K449,3.63,B1,A2,A3,C4
14K454,2.3,C1,C2,D3,D4
14K474,2.43,B1,D2,D3,C4
14K477,2.53,D1,F2,F3,D4
14K478,2.54,A1,B2,A3,B4
14K488,2.41,A1,A2,A3,C4
14K558,2.45,A1,A2,B3,A4
14K561,2.64,A1,A2,A3,A4
14K577,2.99,B1,A2,C3,C4
14K582,2.59,B1,B2,C3,B4
14K586,2.51,C1,B2,F3,F4
14K610,2.02,C1,F2,C3,C4
14K614,2.54,C1,A2,D3,C4
14K685,2.09,A1,A2,A3,A4
14K923,,B1,B2,B3,B4
15K001,60.68,C1,A2,C3,C4
15K010,45.88,A1,A2,C3,B4
15K015,66.33,A1,A2,B3,A4
15K024,65.46,C1,A2,D3,B4
15K029,20.71,A1,B2,B3,B4
15K032,60.99,A1,A2,C3,A4
15K038,51.1,C1,D2,D3,D4
15K039,28.18,B1,B2,C3,B4
15K051,3.48,A1,B2,B3,B4
15K058,20.61,A1,B2,D3,A4
15K088,2.54,B1,B2,C3,B4
15K094,49.23,B1,C2,C3,B4
15K107,16.88,A1,B2,B3,A4
15K124,57.49,A1,B2,B3,A4
15K130,49.45,B1,B2,B3,B4
15K131,53.74,A1,A2,C3,A4
15K136,2.35,C1,B2,D3,B4
15K146,29.81,B1,A2,C3,B4
15K154,23.57,C1,B2,C3,C4
15K169,51.07,B1,A2,D3,B4
15K172,62.7,A1,A2,A3,A4
15K230,37.38,C1,A2,C3,C4
15K261,33.07,B1,B2,C3,B4
15K295,48.42,A1,A2,C3,A4
15K321,15.07,A1,A2,B3,A4
15K418,16.12,A1,B2,B3,A4
15K429,2.24,F1,D2,C3,F4
15K429,2.22,B1,D2,C3,B4
15K442,1.91,B1,A2,C3,A4
15K443,2.98,A1,A2,A3,A4
15K447,3.25,A1,B2,A3,A4
15K448,2.14,A1,B2,A3,C4
15K448,2.47,B1,B2,C3,B4
15K462,2.51,C1,C2,C3,C4
15K462,2.15,C1,C2,D3,C4
15K463,2.34,B1,C2,B3,A4
15K463,2.43,C1,C2,D3,D4
15K464,2.28,C1,B2,B3,F4
15K464,2.19,B1,C2,C3,B4
15K497,2.31,B1,D2,B3,A4
15K497,2.44,A1,D2,C3,A4
15K519,1.93,B1,C2,C3,B4
15K520,2.11,C1,A2,D3,C4
15K529,2.43,A1,A2,B3,B4
15K530,2.03,C1,C2,F3,D4
15K656,2.87,C1,C2,D3,B4
15K698,2.35,C1,A2,F3,C4
15K821,2.86,A1,B2,B3,A4
16K005,60.67,B1,C2,C3,A4
16K021,54.57,A1,A2,B3,A4
16K025,62.84,C1,D2,D3,C4
16K026,59.8,C1,B2,C3,C4
16K028,59.27,B1,A2,D3,A4
16K035,2.34,A1,A2,C3,A4
16K040,59.56,A1,B2,C3,A4
16K057,2.43,C1,A2,D3,B4
16K081,62.53,B1,B2,C3,C4
16K243,63.97,C1,B2,D3,F4
16K262,62.09,A1,A2,A3,A4
16K267,2.2,B1,B2,C3,B4
16K308,57.01,C1,D2,D3,B4
16K309,60.65,C1,A2,D3,C4
16K335,65.55,B1,C2,B3,B4
16K385,2.13,A1,C2,B3,A4
16K393,2.44,B1,D2,A3,B4
16K393,2.71,F1,D2,D3,F4
16K455,1.79,C1,D2,F3,C4
16K498,1.97,A1,A2,B3,A4
16K534,2.13,C1,F2,D3,B4
16K584,2.38,C1,C2,F3,F4
16K627,59.9,D1,A2,F3,C4
16K636,65.29,A1,A2,D3,A4
17K002,2.36,B1,A2,C3,B4
17K006,60.87,B1,A2,C3,A4
17K012,62.04,B1,C2,C3,B4
17K022,64.98,C1,F2,D3,F4
17K061,2.96,C1,C2,F3,D4
17K091,66.08,C1,B2,C3,D4
17K092,61.48,C1,B2,D3,D4
17K138,61.43,A1,A2,B3,A4
17K161,55.98,C1,C2,C3,F4
17K167,64.61,C1,C2,D3,D4
17K181,56.46,C1,D2,C3,C4
17K189,59.69,B1,A2,B3,C4
17K191,64.38,C1,B2,D3,C4
17K221,60.84,C1,B2,D3,C4
17K241,60.87,C1,B2,B3,F4
17K246,2.19,B1,B2,D3,B4
17K249,61.1,A1,A2,A3,A4
17K289,59.8,B1,D2,C3,A4
17K316,61.5,A1,C2,B3,A4
17K334,2,B1,C2,D3,B4
17K340,3.44,B1,C2,D3,B4
17K352,2.35,B1,C2,D3,B4
17K353,2.14,A1,B2,C3,A4
17K354,2.12,A1,B2,B3,A4
17K375,60.43,B1,A2,D3,B4
17K382,2.51,B1,F2,A3,D4
17K382,2.86,D1,D2,D3,D4
17K394,57.04,C1,A2,C3,C4
17K397,61.16,B1,A2,D3,B4
17K398,65.36,B1,D2,B3,A4
17K399,57.33,A1,A2,A3,A4
17K408,2.35,D1,F2,B3,D4
17K467,,B1,D2,B3,C4
17K484,2.48,C1,B2,C3,C4
17K489,2.29,C1,C2,B3,C4
17K524,2.15,B1,A2,D3,B4
17K528,2.28,C1,D2,B3,C4
17K531,2.21,A1,A2,A3,B4
17K531,2.71,B1,A2,D3,B4
17K533,2.26,C1,D2,A3,C4
17K533,2.69,C1,C2,F3,B4
17K537,2.15,C1,C2,C3,C4
17K539,2.12,A1,A2,A3,A4
17K543,3.23,A1,A2,A3,A4
17K543,3.39,C1,A2,F3,C4
17K544,2.27,C1,C2,B3,D4
17K546,2.98,A1,A2,A3,A4
17K547,2.45,A1,A2,A3,B4
17K548,2.45,A1,B2,A3,B4
17K568,2.43,B1,A2,F3,A4
17K587,2.4,C1,B2,F3,F4
17K590,3.32,B1,C2,B3,A4
17K590,3.79,B1,B2,C3,B4
17K600,2.55,C1,B2,C3,C4
17K625,1.83,C1,D2,C3,B4
18K066,50.1,A1,A2,B3,B4
18K068,2.5,C1,C2,D3,B4
18K114,53.34,D1,F2,F3,D4
18K115,52.55,B1,A2,C3,B4
18K135,58.06,B1,A2,C3,B4
18K208,53.52,B1,A2,C3,B4
18K211,2.6,B1,B2,C3,B4
18K219,60.32,C1,B2,C3,C4
18K233,57.39,C1,C2,C3,C4
18K235,48.76,B1,B2,A3,B4
18K244,54.95,B1,B2,C3,A4
18K268,59.72,C1,A2,D3,C4
18K272,60.88,C1,C2,D3,B4
18K276,54.18,C1,B2,C3,C4
18K279,54.4,C1,B2,C3,C4
18K285,2.91,C1,D2,D3,C4
18K501,,C1,C2,C3,C4
18K578,2.19,C1,C2,D3,C4
18K581,2.34,C1,F2,D3,F4
18K588,2.52,C1,D2,D3,C4
18K598,2.6,C1,B2,C3,C4
18K922,,C1,B2,B3,D4
19K007,59.34,B1,B2,C3,B4
19K013,61.11,C1,B2,D3,C4
19K065,57.04,A1,A2,A3,A4
19K089,63.11,B1,A2,D3,B4
19K108,58,B1,A2,C3,B4
19K149,63.5,C1,C2,C3,C4
19K158,60.01,C1,B2,D3,C4
19K159,49.76,C1,C2,D3,C4
19K166,2.27,C1,C2,D3,B4
19K171,2.89,C1,C2,F3,B4
19K174,58.42,C1,B2,F3,C4
19K190,61.38,A1,B2,B3,A4
19K202,60.65,C1,C2,D3,F4
19K213,60.65,C1,B2,C3,D4
19K214,48.35,B1,B2,D3,B4
19K218,2.56,B1,C2,C3,A4
19K224,58.34,B1,C2,D3,B4
19K260,60.61,D1,F2,F3,D4
19K273,57.07,C1,A2,C3,D4
19K290,58.71,B1,A2,C3,B4
19K292,2.64,C1,C2,C3,B4
19K302,2.74,D1,D2,F3,C4
19K306,60.24,B1,D2,D3,B4
19K311,2.77,B1,B2,D3,B4
19K328,65.26,B1,D2,D3,B4
19K345,61.94,B1,D2,C3,B4
19K346,50.85,C1,D2,D3,C4
19K364,2.89,B1,B2,C3,B4
19K409,2.93,B1,C2,B3,B4
19K409,3.43,B1,B2,B3,B4
19K431,,B1,F2,B3,B4
19K452,3.26,B1,B2,D3,B4
19K502,2.16,C1,C2,D3,B4
19K504,2.22,B1,C2,C3,B4
19K507,2.2,B1,F2,A3,C4
19K510,2.27,B1,D2,B3,B4
19K615,2.51,B1,C2,B3,C4
19K659,2.49,F1,C2,F3,F4
19K660,1.78,B1,D2,F3,B4
20K030,3.1,A1,B2,B3,A4
20K048,36.11,B1,B2,B3,B4
20K062,2.54,A1,A2,C3,A4
20K069,37.32,A1,A2,C3,A4
20K102,33.23,B1,B2,B3,B4
20K104,26.87,A1,A2,C3,B4
20K105,34.11,A1,A2,B3,A4
20K112,31.71,B1,A2,C3,B4
20K127,35.55,D1,B2,D3,D4
20K160,39.57,B1,A2,C3,B4
20K163,35.78,A1,A2,C3,A4
20K164,55.23,A1,A2,B3,A4
20K170,35.87,B1,B2,C3,B4
20K176,31.47,A1,A2,B3,A4
20K179,44.57,C1,B2,D3,B4
20K180,30.55,B1,A2,D3,B4
20K185,21.11,C1,B2,C3,B4
20K186,32.66,B1,B2,C3,A4
20K187,3.95,A1,A2,A3,A4
20K192,53.11,A1,B2,D3,A4
20K200,29.01,B1,D2,C3,B4
20K201,3.27,A1,B2,B3,B4
20K204,26.4,A1,A2,C3,A4
20K205,39.46,B1,B2,C3,B4
20K220,2.8,B1,B2,D3,A4
20K223,2.62,B1,B2,C3,A4
20K227,2.9,B1,C2,C3,B4
20K229,20.71,B1,B2,B3,B4
20K247,30.07,A1,B2,B3,A4
20K259,3.12,A1,A2,B3,A4
20K445,2.35,B1,B2,B3,B4
20K485,2.58,A1,A2,A3,B4
20K490,2.59,B1,A2,C3,B4
20K503,58.81,B1,A2,D3,B4
20K505,2.29,B1,B2,C3,B4
20K506,54.32,B1,A2,D3,B4
20K609,2.92,B1,B2,C3,B4
20K658,,A1,B2,B3,B4
21K090,54.97,B1,B2,D3,B4
21K095,40.01,C1,D2,F3,B4
21K096,2.83,B1,C2,C3,B4
21K097,29.88,A1,A2,C3,A4
21K098,3.64,A1,B2,B3,A4
21K099,40.92,A1,A2,C3,A4
21K100,29.67,B1,B2,B3,B4
21K101,29.5,B1,A2,B3,B4
21K121,45.12,A1,A2,C3,B4
21K128,35.29,B1,A2,F3,A4
21K153,38.36,B1,B2,C3,B4
21K177,37.55,A1,B2,B3,A4
21K188,54.89,C1,A2,D3,C4
21K199,34.33,B1,B2,B3,A4
21K209,33.97,C1,B2,C3,C4
21K212,43.14,B1,A2,C3,B4
21K215,29.64,C1,B2,C3,C4
21K216,32.81,B1,B2,B3,A4
21K225,40.3,A1,B2,C3,A4
21K226,41.22,A1,A2,B3,A4
21K228,3.06,C1,C2,C3,C4
21K238,51.64,B1,A2,D3,B4
21K239,3.82,A1,A2,A3,A4
21K253,47.23,A1,A2,C3,B4
21K281,3.02,B1,B2,C3,B4
21K288,62.28,A1,C2,D3,A4
21K303,2.94,B1,B2,B3,B4
21K329,60.76,C1,A2,C3,C4
21K337,2.05,C1,A2,F3,C4
21K344,2.57,B1,F2,C3,C4
21K348,2.36,B1,B2,A3,B4
21K410,2.53,C1,C2,F3,C4
21K411,,B1,B2,B3,B4
21K468,2.99,B1,B2,C3,B4
21K525,2.75,A1,B2,B3,C4
21K540,2.65,C1,F2,D3,C4
21K620,2.02,D1,D2,C3,D4
21K690,2.5,A1,C2,B3,C4
21K690,2.95,A1,B2,A3,A4
21K728,2.32,A1,A2,A3,A4
22K014,2.42,C1,B2,C3,B4
22K052,37.3,B1,B2,D3,B4
22K078,2.84,C1,C2,C3,C4
22K109,59.99,B1,B2,D3,B4
22K119,48.56,B1,A2,C3,B4
22K134,52.2,A1,A2,A3,A4
22K139,51.56,C1,B2,D3,D4
22K152,53.19,C1,A2,C3,D4
22K193,44.35,B1,A2,B3,B4
22K194,55.35,C1,B2,C3,C4
22K195,11.09,A1,B2,B3,A4
22K197,41.82,A1,A2,C3,A4
22K198,52.47,C1,C2,D3,C4
22K203,55.65,C1,B2,D3,C4
22K206,27.19,A1,B2,B3,A4
22K207,28.01,C1,A2,C3,C4
22K217,41.41,B1,A2,C3,B4
22K222,28.68,A1,A2,A3,A4
22K234,3.49,B1,B2,C3,B4
22K236,22.73,B1,A2,C3,C4
22K240,3,B1,D2,D3,B4
22K245,58.77,A1,A2,C3,A4
22K251,56.06,C1,C2,D3,B4
22K254,30.26,A1,A2,A3,B4
22K255,33.7,A1,A2,B3,A4
22K269,60.09,C1,A2,D3,D4
22K277,18.87,A1,A2,B3,B4
22K278,3.01,D1,A2,F3,D4
22K312,29.61,C1,A2,B3,D4
22K315,54.18,B1,A2,C3,B4
22K361,56.47,C1,B2,F3,C4
22K381,3.07,C1,B2,D3,C4
22K405,3.16,B1,C2,B3,C4
22K425,2.72,B1,A2,C3,C4
22K495,2.21,C1,C2,C3,C4
22K535,3.54,B1,C2,B3,A4
22K555,3.27,A1,A2,B3,A4
22K555,3.47,B1,A2,D3,A4
23K041,61.7,C1,F2,D3,B4
23K073,61.77,C1,B2,D3,C4
23K137,62.63,D1,D2,D3,D4
23K150,66.85,C1,D2,D3,C4
23K155,65.59,B1,A2,C3,B4
23K156,56.4,C1,B2,D3,D4
23K165,57.83,C1,C2,F3,B4
23K178,62.56,B1,B2,C3,C4
23K184,61.84,C1,D2,D3,B4
23K284,62.67,C1,B2,D3,C4
23K298,62.86,C1,F2,F3,C4
23K323,59.29,B1,A2,D3,B4
23K327,57.98,C1,D2,D3,C4
23K332,61.43,F1,D2,F3,F4
23K392,3.66,B1,B2,B3,B4
23K493,2.25,C1,B2,B3,C4
23K493,3.12,D1,D2,F3,F4
23K514,2.38,B1,B2,A3,B4
23K518,2.63,C1,B2,C3,C4
23K522,3.23,C1,C2,F3,F4
23K631,61.89,D1,D2,D3,C4
23K634,2.24,D1,C2,F3,D4
23K643,2.23,A1,A2,C3,A4
23K644,2.68,A1,A2,C3,A4
23K646,2.21,F1,F2,F3,D4
23K647,2.24,C1,B2,A3,D4
23K697,2.36,A1,B2,A3,A4
23K697,3.2,C1,C2,D3,C4
24Q005,2.96,A1,B2,B3,A4
24Q007,43.95,B1,B2,B3,B4
24Q012,41.84,A1,A2,B3,A4
24Q013,44.49,B1,A2,B3,B4
24Q014,56.04,A1,A2,C3,A4
24Q016,56.98,B1,A2,B3,B4
24Q019,59.2,B1,B2,B3,B4
24Q028,62.35,A1,A2,A3,A4
24Q049,22.9,C1,C2,C3,B4
24Q058,32.68,A1,B2,B3,A4
24Q061,2.8,B1,B2,D3,A4
24Q068,54.43,B1,B2,C3,B4
24Q071,37.4,C1,F2,D3,B4
24Q073,2.98,A1,C2,B3,A4
24Q077,2.74,B1,B2,C3,B4
24Q081,55.46,A1,A2,C3,B4
24Q087,40.04,A1,A2,D3,A4
24Q088,41.72,C1,B2,D3,C4
24Q089,57.28,A1,A2,B3,A4
24Q091,41.4,B1,C2,D3,B4
24Q093,2.83,B1,C2,B3,A4
24Q102,36.06,A1,A2,C3,B4
24Q113,30.2,A1,A2,A3,B4
24Q119,3.22,C1,D2,C3,D4
24Q125,3.1,B1,B2,C3,B4
24Q128,15.88,A1,A2,B3,A4
24Q143,61.92,C1,B2,B3,D4
24Q153,35.75,A1,B2,C3,A4
24Q199,47.79,B1,A2,C3,B4
24Q229,34.02,A1,A2,B3,A4
24Q239,57.61,B1,A2,C3,B4
24Q264,2.82,A1,B2,A3,A4
24Q267,2.46,A1,A2,A3,A4
24Q299,3.7,A1,A2,A3,A4
24Q455,2.35,C1,C2,D3,C4
24Q457,,D1,C2,F3,F4
24Q485,2.38,B1,B2,D3,B4
24Q520,2.58,B1,B2,A3,C4
24Q530,2.63,A1,A2,C3,B4
24Q550,2.52,A1,A2,B3,A4
24Q560,2.65,C1,C2,F3,C4
24Q560,3.72,A1,B2,A3,A4
24Q600,2.58,A1,A2,C3,B4
24Q610,3.05,A1,B2,B3,B4
24Q744,2.54,B1,A2,D3,C4
24Q877,41.62,A1,A2,A3,A4
25Q020,39.45,B1,B2,B3,A4
25Q021,34.76,B1,A2,B3,B4
25Q022,37.53,A1,B2,C3,A4
25Q024,33.64,A1,A2,B3,A4
25Q025,3.29,B1,B2,C3,C4
25Q029,41.7,B1,B2,C3,B4
25Q032,24.81,A1,A2,B3,A4
25Q079,20.32,C1,D2,D3,B4
25Q107,28.99,B1,A2,C3,B4
25Q120,33.12,A1,B2,C3,A4
25Q129,37.49,B1,A2,B3,C4
25Q130,18.02,A1,A2,A3,A4
25Q154,35.84,C1,B2,B3,C4
25Q163,31.39,B1,C2,D3,B4
25Q164,32.89,A1,C2,B3,A4
25Q165,36.73,B1,D2,B3,B4
25Q169,18.4,C1,A2,D3,C4
25Q184,21.47,A1,A2,C3,B4
25Q185,3.22,A1,C2,B3,B4
25Q189,3.18,B1,A2,D3,B4
25Q193,16.62,C1,D2,F3,F4
25Q194,3.29,A1,C2,B3,B4
25Q200,41.19,B1,B2,C3,B4
25Q201,56.38,A1,B2,D3,A4
25Q209,16,A1,A2,A3,A4
25Q214,37.84,A1,A2,B3,A4
25Q219,46.73,A1,B2,B3,A4
25Q237,3.04,A1,B2,B3,B4
25Q242,27.28,A1,B2,A3,A4
25Q250,3,C1,D2,D3,B4
25Q252,3.21,A1,A2,B3,A4
25Q263,2.45,B1,A2,D3,B4
25Q281,2.93,A1,F2,B3,A4
25Q281,3.48,A1,D2,B3,A4
25Q285,2.82,A1,C2,A3,B4
25Q285,3.04,C1,B2,B3,D4
25Q294,3.18,A1,A2,B3,A4
25Q425,2.45,B1,C2,C3,B4
25Q460,2.45,C1,C2,D3,C4
25Q467,,A1,D2,A3,A4
25Q499,29.81,A1,B2,B3,A4
25Q525,3.98,A1,A2,A3,A4
25Q540,2.4,C1,D2,F3,C4
25Q670,2.7,D1,D2,C3,D4
25Q792,2.31,B1,A2,C3,B4
26Q018,22.1,A1,A2,B3,B4
26Q026,26.21,A1,B2,C3,A4
26Q031,27.05,A1,B2,B3,A4
26Q041,15.01,A1,A2,A3,A4
26Q046,23.57,A1,A2,A3,A4
26Q067,3.59,B1,B2,B3,B4
26Q074,3.52,A1,B2,B3,A4
26Q094,14.92,B1,A2,B3,B4
26Q098,8.1,B1,B2,B3,A4
26Q115,24.82,B1,B2,C3,B4
26Q133,27.85,A1,A2,A3,A4
26Q158,3.4,B1,C2,B3,B4
26Q159,21.45,A1,A2,A3,A4
26Q162,18.2,B1,A2,B3,B4
26Q172,3.33,B1,D2,B3,B4
26Q173,19.44,A1,A2,A3,B4
26Q178,18.08,B1,B2,C3,B4
26Q186,22.65,B1,A2,B3,B4
26Q188,11.76,A1,A2,A3,A4
26Q191,18.18,A1,A2,A3,A4
26Q203,15.45,A1,A2,A3,A4
26Q205,15.6,A1,A2,A3,A4
26Q213,21.84,A1,A2,B3,B4
26Q216,3.43,A1,C2,B3,A4
26Q221,14.8,A1,A2,A3,B4
26Q266,20.08,B1,B2,B3,C4
26Q415,3.03,B1,C2,B3,C4
26Q430,2.92,B1,B2,B3,B4
26Q435,2.38,C1,F2,B3,C4
26Q495,3.08,B1,B2,B3,C4
26Q566,2.8,B1,C2,B3,B4
27Q042,58.71,C1,C2,F3,C4
27Q043,58.98,C1,B2,D3,B4
27Q045,53.15,B1,C2,C3,A4
27Q047,20.9,A1,A2,B3,A4
27Q053,2.33,C1,D2,D3,B4
27Q056,36.87,B1,A2,B3,C4
27Q060,46.97,A1,B2,B3,A4
27Q062,32.59,C1,B2,D3,C4
27Q063,42.39,A1,B2,B3,B4
27Q064,40.04,C1,A2,C3,D4
27Q065,42.33,C1,B2,C3,C4
27Q066,54.59,A1,A2,A3,A4
27Q090,47.29,B1,B2,C3,A4
27Q096,45.49,B1,B2,C3,A4
27Q097,53.41,A1,B2,B3,A4
27Q100,41.88,B1,C2,C3,B4
27Q104,57.66,C1,B2,D3,B4
27Q105,57.54,C1,C2,F3,F4
27Q106,58.88,B1,D2,C3,B4
27Q108,31.13,A1,A2,C3,A4
27Q114,11.12,B1,B2,C3,C4
27Q123,52.54,B1,B2,D3,B4
27Q124,39.08,C1,A2,C3,C4
27Q137,3.1,B1,D2,C3,B4
27Q146,28.28,B1,B2,F3,B4
27Q155,49.09,C1,B2,D3,C4
27Q183,59.07,B1,A2,C3,B4
27Q197,65.72,A1,C2,C3,A4
27Q202,3.07,B1,B2,C3,B4
27Q207,19.26,A1,B2,B3,B4
27Q210,3.05,C1,D2,C3,C4
27Q215,64.12,D1,C2,F3,C4
27Q223,52.03,B1,C2,C3,B4
27Q226,2.77,C1,C2,C3,C4
27Q232,30.63,A1,A2,B3,B4
27Q253,64.09,C1,B2,D3,C4
27Q254,51.8,A1,A2,A3,A4
27Q260,2.45,C1,F2,B3,C4
27Q262,2.91,A1,A2,A3,A4
27Q262,3.16,B1,A2,C3,A4
27Q282,3.07,C1,B2,F3,D4
27Q309,2.86,D1,B2,D3,F4
27Q323,4,A1,B2,A3,A4
27Q333,56.3,C1,A2,B3,D4
27Q400,2.13,C1,C2,D3,C4
27Q410,2.05,F1,D2,F3,F4
27Q475,2.38,C1,D2,F3,B4
27Q480,2.32,B1,C2,F3,C4
27Q487,,A1,B2,A3,A4
27Q650,3.21,A1,C2,B3,A4
28Q008,2.31,C1,C2,C3,C4
28Q030,53.29,D1,C2,F3,C4
28Q040,58.43,D1,C2,D3,C4
28Q048,53.84,C1,D2,F3,C4
28Q050,54.97,B1,F2,C3,B4
28Q054,46.28,C1,B2,D3,C4
28Q055,39.48,C1,C2,F3,B4
28Q072,2.74,C1,C2,C3,B4
28Q080,56.76,C1,B2,D3,C4
28Q082,53.27,B1,A2,B3,B4
28Q086,48.22,B1,C2,D3,B4
28Q099,38.66,A1,B2,B3,A4
28Q101,14.66,B1,B2,C3,B4
28Q117,38.31,B1,B2,C3,B4
28Q121,40.19,A1,B2,B3,A4
28Q139,27.27,C1,B2,C3,C4
28Q140,55.74,C1,C2,D3,B4
28Q144,19.51,B1,B2,C3,A4
28Q157,2.99,A1,B2,B3,A4
28Q160,57.13,B1,C2,D3,B4
28Q161,38.18,A1,A2,B3,A4
28Q174,23.31,B1,D2,D3,A4
28Q175,29.73,A1,B2,B3,A4
28Q182,51.73,D1,C2,F3,C4
28Q190,3.18,C1,D2,B3,C4
28Q196,13.79,A1,A2,A3,A4
28Q206,43.18,C1,F2,D3,B4
28Q217,2.86,B1,C2,C3,B4
28Q220,36.37,A1,B2,D3,A4
28Q284,3.29,B1,A2,C3,B4
28Q440,2.87,A1,D2,B3,B4
28Q470,2.26,D1,C2,F3,C4
28Q505,2.57,C1,A2,D3,C4
28Q620,2.89,A1,B2,A3,B4
28Q680,3.54,B1,D2,A3,A4
28Q680,3.76,B1,C2,B3,B4
28Q687,3.89,A1,B2,A3,B4
28Q690,2.59,B1,C2,B3,C4
28Q896,3,C1,C2,C3,C4
29Q015,53.23,C1,B2,D3,D4
29Q033,36.88,C1,A2,D3,F4
29Q034,59.68,B1,A2,B3,B4
29Q035,45.15,D1,F2,D3,F4
29Q036,52.43,D1,B2,F3,D4
29Q037,49.84,C1,C2,F3,F4
29Q038,54.74,B1,A2,D3,B4
29Q052,55.77,A1,C2,C3,A4
29Q059,2.76,C1,D2,D3,D4
29Q095,44.57,B1,D2,C3,A4
29Q109,2.93,C1,C2,C3,B4
29Q116,55.23,C1,C2,F3,D4
29Q118,56.18,C1,F2,D3,F4
29Q131,36.48,B1,A2,B3,C4
29Q132,49.25,C1,B2,C3,C4
29Q134,57.38,B1,B2,D3,A4
29Q135,44.08,C1,B2,D3,B4
29Q136,52.88,B1,C2,F3,B4
29Q138,54.01,C1,F2,D3,C4
29Q147,48.63,D1,C2,F3,D4
29Q156,48.35,C1,D2,F3,C4
29Q176,55.38,C1,A2,B3,D4
29Q181,53.11,C1,D2,F3,F4
29Q192,2.56,B1,A2,D3,C4
29Q195,56.72,D1,A2,D3,F4
29Q208,40.43,B1,A2,C3,C4
29Q231,2.55,D1,B2,D3,D4
29Q238,2.92,C1,B2,D3,B4
29Q248,2.43,A1,C2,B3,A4
29Q251,48.19,C1,B2,C3,B4
29Q259,2.54,A1,B2,A3,A4
29Q259,2.92,C1,B2,C3,D4
29Q265,2.34,A1,B2,A3,B4
29Q268,46.09,B1,B2,C3,B4
29Q270,48.66,C1,A2,C3,D4
29Q272,2.6,A1,B2,B3,A4
29Q283,2.55,B1,B2,B3,B4
29Q283,2.56,C1,B2,C3,D4
29Q295,40.79,B1,A2,B3,B4
29Q492,2.61,C1,F2,C3,C4
29Q494,2.3,D1,F2,C3,F4
29Q496,2.15,D1,D2,D3,C4
29Q498,2.48,C1,C2,A3,D4
30Q002,38.18,A1,B2,C3,A4
30Q010,2.95,B1,B2,C3,B4
30Q011,39.72,B1,B2,C3,B4
30Q017,50.33,C1,B2,F3,D4
30Q069,36.22,A1,B2,B3,A4
30Q070,38.9,C1,C2,C3,C4
30Q076,59.68,A1,C2,C3,A4
30Q078,37.45,B1,A2,C3,C4
30Q084,41.65,C1,B2,D3,C4
30Q085,38.05,C1,B2,C3,C4
30Q092,66.53,A1,A2,C3,A4
30Q111,60.14,C1,B2,F3,F4
30Q112,53.85,B1,C2,D3,B4
30Q122,29.83,A1,B2,A3,A4
30Q126,2.43,C1,B2,D3,B4
30Q127,58.66,B1,D2,C3,B4
30Q141,3.05,A1,A2,B3,A4
30Q145,2.93,B1,A2,C3,B4
30Q148,54.26,B1,A2,C3,B4
30Q149,57.58,B1,A2,B3,B4
30Q150,41.36,B1,B2,B3,C4
30Q151,52.44,C1,D2,D3,B4
30Q152,42.76,A1,B2,C3,A4
30Q166,48.46,B1,A2,C3,B4
30Q171,53.97,C1,B2,D3,D4
30Q204,2.65,A1,B2,C3,A4
30Q212,51.86,B1,A2,C3,B4
30Q222,52.99,A1,A2,A3,A4
30Q227,3.22,A1,B2,B3,B4
30Q228,59.66,A1,A2,A3,A4
30Q230,3.01,A1,B2,B3,A4
30Q234,43.3,A1,A2,B3,A4
30Q235,2.58,A1,A2,F3,A4
30Q286,3.32,A1,A2,B3,A4
30Q445,2.41,C1,C2,D3,C4
30Q450,2.47,C1,D2,C3,C4
30Q501,3.38,A1,D2,A3,A4
30Q502,2.45,A1,A2,B3,B4
30Q555,2.22,A1,A2,A3,B4
30Q575,3.03,A1,B2,A3,B4
30Q580,3.58,A1,C2,A3,A4
30Q580,3.93,B1,B2,A3,B4
31R001,16.76,B1,A2,C3,B4
31R002,2.75,C1,C2,C3,C4
31R003,12.69,C1,C2,F3,B4
31R004,20.31,C1,C2,F3,D4
31R005,9.85,C1,A2,C3,D4
31R006,17.3,C1,B2,D3,C4
31R007,3.22,B1,B2,B3,B4
31R008,22.21,A1,A2,B3,A4
31R011,41.72,B1,B2,F3,B4
31R013,43.71,C1,B2,C3,C4
31R014,60.13,C1,F2,F3,D4
31R016,60.48,C1,C2,F3,B4
31R018,63.37,B1,B2,C3,B4
31R019,52.86,B1,B2,C3,B4
31R020,63.76,C1,A2,D3,F4
31R021,55.61,A1,A2,D3,A4
31R022,47.18,B1,C2,C3,B4
31R023,17.64,B1,B2,C3,C4
31R024,3.17,C1,C2,B3,D4
31R026,35.42,C1,D2,D3,D4
31R027,2.75,C1,B2,C3,C4
31R029,22.46,C1,A2,C3,D4
31R030,21.51,C1,C2,D3,C4
31R031,58.05,B1,B2,D3,B4
31R032,14.69,B1,C2,D3,B4
31R034,3.13,A1,A2,B3,B4
31R035,24.18,C1,B2,D3,C4
31R036,12.59,C1,C2,F3,C4
31R038,35.23,B1,C2,C3,B4
31R039,29.95,C1,B2,D3,F4
31R041,29.98,C1,C2,D3,F4
31R042,16.03,C1,A2,C3,D4
31R044,61.46,C1,C2,F3,B4
31R045,36.76,C1,D2,F3,F4
31R046,39.81,D1,A2,D3,F4
31R047,2.91,A1,B2,A3,A4
31R048,20.18,B1,A2,A3,C4
31R049,2.42,B1,C2,D3,B4
31R050,16.19,B1,C2,D3,B4
31R051,2.68,B1,C2,C3,B4
31R052,25.56,C1,F2,D3,C4
31R053,15.84,B1,A2,D3,B4
31R054,27.96,C1,A2,C3,F4
31R055,13.15,C1,D2,F3,F4
31R056,16.09,C1,F2,D3,F4
31R057,61.98,A1,C2,D3,A4
31R058,28.92,C1,B2,C3,C4
31R060,31.21,C1,B2,D3,B4
31R061,2.72,C1,D2,C3,C4
31R063,2.97,B1,A2,B3,B4
31R069,23.34,C1,A2,F3,C4
31R072,2.78,B1,B2,B3,B4
31R075,3.19,B1,B2,C3,C4
31R080,2.66,A1,A2,A3,A4
31R080,25.62,C1,B2,F3,F4
31R440,2.39,A1,B2,B3,B4
31R445,2.2,B1,C2,B3,B4
31R450,2.33,B1,B2,A3,B4
31R455,2.82,B1,D2,B3,B4
31R460,2.49,A1,B2,A3,A4
31R470,2.15,A1,A2,A3,A4
31R600,1.88,A1,B2,A3,A4
31R605,3.89,A1,B2,A3,A4
31R607,,C1,D2,B3,C4
32K045,59.75,A1,B2,C3,A4
32K075,58.17,C1,B2,C3,D4
32K086,64.97,C1,A2,C3,D4
32K106,65.03,B1,B2,C3,B4
32K116,65.12,A1,B2,C3,A4
32K123,64.11,C1,A2,C3,D4
32K145,63.73,B1,B2,C3,B4
32K151,63.84,C1,A2,D3,C4
32K162,2.61,C1,D2,D3,B4
32K274,63.41,A1,B2,C3,A4
32K291,2.55,C1,C2,D3,C4
32K296,2.67,C1,D2,F3,F4
32K299,60,B1,D2,D3,A4
32K347,2.62,C1,C2,C3,B4
32K349,2.64,C1,B2,D3,C4
32K376,64.02,B1,A2,C3,B4
32K377,62.08,B1,C2,C3,B4
32K383,3.65,C1,D2,F3,C4
32K384,59.7,A1,A2,C3,A4
32K403,2.02,A1,C2,A3,A4
32K545,2.42,C1,D2,D3,C4
32K549,2.07,A1,A2,A3,A4
32K552,1.92,B1,B2,B3,B4
32K554,2.86,A1,A2,B3,A4
32K554,3.34,C1,A2,C3,C4
32K556,1.91,B1,A2,B3,B4
32K564,2.12,B1,A2,F3,B4
75K036,,C1,F2,C3,D4
75K053,,B1,A2,B3,C4
75K140,,D1,F2,D3,D4
75K141,,B1,F2,F3,B4
75K231,,C1,A2,F3,C4
75K368,,D1,B2,F3,D4
75K369,,B1,C2,F3,B4
75K372,,A1,A2,A3,A4
75K771,,A1,A2,B3,B4
75M094,,C1,D2,D3,B4
75M138,,A1,C2,D3,A4
75M169,,D1,F2,F3,C4
75M811,,F1,D2,F3,F4
75Q004,,A1,B2,C3,B4
75Q009,,B1,D2,D3,B4
75Q023,,B1,B2,D3,C4
75Q075,,C1,C2,F3,C4
75Q224,,B1,A2,C3,C4
75Q256,,A1,B2,B3,B4
75R025,,B1,A2,F3,B4
75R373,,B1,A2,D3,B4
75X010,,A1,A2,C3,A4
75X017,,A1,B2,D3,A4
75X168,,D1,C2,F3,D4
75X186,,F1,D2,F3,F4
75X188,,C1,A2,F3,D4
75X352,,B1,F2,C3,A4
75X723,,C1,C2,F3,C4
79K657,,C1,B2,B3,D4
84K355,2.96,A1,A2,A3,A4
84K356,51.13,C1,A2,B3,C4
84K357,2.84,C1,A2,C3,D4
84K358,53.06,C1,A2,B3,F4
84K359,53.91,D1,C2,F3,F4
84K362,38.92,C1,A2,D3,F4
84K473,2.61,D1,B2,D3,F4
84K508,2.88,C1,B2,C3,C4
84K517,48,B1,A2,A3,C4
84K536,28.16,F1,A2,D3,F4
84K538,50.22,B1,A2,C3,C4
84K593,47.15,C1,A2,A3,D4
84K608,3.08,A1,A2,B3,A4
84K648,3.02,A1,A2,B3,A4
84K652,53.2,B1,A2,B3,B4
84K701,50.37,D1,A2,D3,D4
84K702,50.3,B1,A2,B3,C4
84K703,50.71,C1,B2,D3,C4
84K704,50.43,B1,A2,C3,B4
84K731,57.34,A1,A2,A3,A4
84M279,1.55,C1,B2,F3,C4
84M284,54.6,B1,A2,C3,C4
84M320,49.52,B1,A2,B3,B4
84M329,55.19,D1,B2,C3,F4
84M330,40.28,C1,A2,B3,F4
84M335,3.13,A1,A2,B3,B4
84M336,2.73,A1,A2,A3,A4
84M341,52.81,C1,A2,A3,F4
84M350,2.71,A1,A2,B3,A4
84M351,52.09,A1,A2,A3,B4
84M353,2.53,A1,A2,A3,B4
84M353,2.8,C1,A2,D3,D4
84M355,46.27,C1,F2,F3,F4
84M388,2.55,B1,B2,C3,B4
84M702,54.23,C1,F2,C3,F4
84M704,44,C1,A2,C3,D4
84M705,53.47,C1,B2,B3,C4
84M707,1.88,A1,B2,F3,A4
84M708,55.49,C1,B2,F3,F4
84M709,3.01,B1,A2,C3,C4
84M726,2.75,B1,B2,B3,B4
84M861,50.45,D1,B2,D3,F4
84Q170,48.79,C1,B2,D3,B4
84Q704,46.47,C1,D2,C3,F4
84Q705,2.87,B1,A2,B3,B4
84Q705,31.82,B1,A2,C3,B4
84Q706,29.65,C1,A2,D3,D4
84X165,55.22,B1,A2,B3,C4
84X185,55.63,B1,A2,C3,B4
84X255,46.43,A1,A2,A3,A4
84X309,54.36,A1,A2,B3,A4
84X345,58.84,C1,A2,C3,D4
84X346,53.09,D1,B2,B3,F4
84X347,2.67,C1,A2,D3,B4
84X378,47.57,C1,A2,A3,F4
84X407,57.08,C1,A2,D3,F4
84X419,60.61,B1,A2,B3,A4
84X422,54.87,A1,A2,A3,A4
84X703,2.92,C1,A2,B3,D4
84X703,3,C1,A2,F3,C4
84X704,52.92,A1,A2,A3,A4
84X705,59.65,B1,A2,C3,C4
84X706,46.54,C1,B2,F3,B4
84X717,52.22,B1,A2,A3,B4
84X718,49.34,C1,A2,D3,C4
84X730,56.67,B1,B2,C3,B4